file	line_no	pb
001.md	3	KR4e0146_WYG_000-1a
001.md	11	KR4e0146_WYG_000-1b
001.md	19	KR4e0146_WYG_000-2a
002.md	3	KR4e0146_WYG_001-1a
002.md	11	KR4e0146_WYG_001-1b
002.md	19	KR4e0146_WYG_001-2a
002.md	27	KR4e0146_WYG_001-2b
002.md	35	KR4e0146_WYG_001-3a
002.md	43	KR4e0146_WYG_001-3b
002.md	51	KR4e0146_WYG_001-4a
002.md	59	KR4e0146_WYG_001-4b
002.md	67	KR4e0146_WYG_001-5a
002.md	75	KR4e0146_WYG_001-5b
002.md	83	KR4e0146_WYG_001-6a
002.md	91	KR4e0146_WYG_001-6b
002.md	99	KR4e0146_WYG_001-7a
002.md	107	KR4e0146_WYG_001-7b
002.md	115	KR4e0146_WYG_001-8a
002.md	123	KR4e0146_WYG_001-8b
002.md	131	KR4e0146_WYG_001-9a
002.md	139	KR4e0146_WYG_001-9b
002.md	147	KR4e0146_WYG_001-10a
002.md	155	KR4e0146_WYG_001-10b
002.md	163	KR4e0146_WYG_001-11a
002.md	171	KR4e0146_WYG_001-11b
002.md	179	KR4e0146_WYG_001-12a
002.md	187	KR4e0146_WYG_001-12b
002.md	195	KR4e0146_WYG_001-13a
002.md	203	KR4e0146_WYG_001-13b
002.md	211	KR4e0146_WYG_001-14a
002.md	219	KR4e0146_WYG_001-14b
002.md	227	KR4e0146_WYG_001-15a
002.md	235	KR4e0146_WYG_001-15b
002.md	243	KR4e0146_WYG_001-16a
002.md	251	KR4e0146_WYG_001-16b
002.md	259	KR4e0146_WYG_001-17a
002.md	267	KR4e0146_WYG_001-17b
002.md	275	KR4e0146_WYG_001-18a
002.md	283	KR4e0146_WYG_001-18b
002.md	291	KR4e0146_WYG_001-19a
002.md	299	KR4e0146_WYG_001-19b
002.md	307	KR4e0146_WYG_001-20a
002.md	315	KR4e0146_WYG_001-20b
002.md	323	KR4e0146_WYG_001-21a
002.md	331	KR4e0146_WYG_001-21b
002.md	339	KR4e0146_WYG_001-22a
002.md	347	KR4e0146_WYG_001-22b
002.md	355	KR4e0146_WYG_001-23a
002.md	363	KR4e0146_WYG_001-23b
002.md	371	KR4e0146_WYG_001-24a
002.md	379	KR4e0146_WYG_001-24b
002.md	387	KR4e0146_WYG_001-25a
002.md	395	KR4e0146_WYG_001-25b
002.md	403	KR4e0146_WYG_001-26a
002.md	411	KR4e0146_WYG_001-26b
002.md	419	KR4e0146_WYG_001-27a
002.md	427	KR4e0146_WYG_001-27b
002.md	435	KR4e0146_WYG_001-28a
002.md	443	KR4e0146_WYG_001-28b
002.md	451	KR4e0146_WYG_001-29a
002.md	459	KR4e0146_WYG_001-29b
002.md	467	KR4e0146_WYG_001-30a
002.md	475	KR4e0146_WYG_001-30b
002.md	483	KR4e0146_WYG_001-31a
002.md	491	KR4e0146_WYG_001-31b
002.md	499	KR4e0146_WYG_001-32a
002.md	507	KR4e0146_WYG_001-32b
002.md	515	KR4e0146_WYG_001-33a
002.md	523	KR4e0146_WYG_001-33b
002.md	531	KR4e0146_WYG_001-34a
002.md	539	KR4e0146_WYG_001-34b
002.md	547	KR4e0146_WYG_001-35a
002.md	555	KR4e0146_WYG_001-35b
002.md	563	KR4e0146_WYG_001-36a
002.md	571	KR4e0146_WYG_001-36b
002.md	579	KR4e0146_WYG_001-37a
002.md	587	KR4e0146_WYG_001-37b
003.md	3	KR4e0146_WYG_002-1a
003.md	11	KR4e0146_WYG_002-1b
003.md	19	KR4e0146_WYG_002-2a
003.md	27	KR4e0146_WYG_002-2b
003.md	35	KR4e0146_WYG_002-3a
003.md	43	KR4e0146_WYG_002-3b
003.md	51	KR4e0146_WYG_002-4a
003.md	59	KR4e0146_WYG_002-4b
003.md	67	KR4e0146_WYG_002-5a
003.md	75	KR4e0146_WYG_002-5b
003.md	83	KR4e0146_WYG_002-6a
003.md	91	KR4e0146_WYG_002-6b
003.md	99	KR4e0146_WYG_002-7a
003.md	107	KR4e0146_WYG_002-7b
003.md	115	KR4e0146_WYG_002-8a
003.md	123	KR4e0146_WYG_002-8b
003.md	131	KR4e0146_WYG_002-9a
003.md	139	KR4e0146_WYG_002-9b
003.md	147	KR4e0146_WYG_002-10a
003.md	155	KR4e0146_WYG_002-10b
003.md	163	KR4e0146_WYG_002-11a
003.md	171	KR4e0146_WYG_002-11b
003.md	179	KR4e0146_WYG_002-12a
003.md	187	KR4e0146_WYG_002-12b
003.md	195	KR4e0146_WYG_002-13a
003.md	203	KR4e0146_WYG_002-13b
003.md	211	KR4e0146_WYG_002-14a
003.md	219	KR4e0146_WYG_002-14b
003.md	227	KR4e0146_WYG_002-15a
003.md	235	KR4e0146_WYG_002-15b
003.md	243	KR4e0146_WYG_002-16a
003.md	251	KR4e0146_WYG_002-16b
003.md	259	KR4e0146_WYG_002-17a
003.md	267	KR4e0146_WYG_002-17b
003.md	275	KR4e0146_WYG_002-18a
003.md	283	KR4e0146_WYG_002-18b
003.md	291	KR4e0146_WYG_002-19a
003.md	299	KR4e0146_WYG_002-19b
003.md	307	KR4e0146_WYG_002-20a
003.md	315	KR4e0146_WYG_002-20b
003.md	323	KR4e0146_WYG_002-21a
003.md	331	KR4e0146_WYG_002-21b
003.md	339	KR4e0146_WYG_002-22a
003.md	347	KR4e0146_WYG_002-22b
003.md	355	KR4e0146_WYG_002-23a
003.md	363	KR4e0146_WYG_002-23b
003.md	371	KR4e0146_WYG_002-24a
003.md	379	KR4e0146_WYG_002-24b
003.md	387	KR4e0146_WYG_002-25a
003.md	395	KR4e0146_WYG_002-25b
003.md	403	KR4e0146_WYG_002-26a
003.md	411	KR4e0146_WYG_002-26b
003.md	419	KR4e0146_WYG_002-27a
003.md	427	KR4e0146_WYG_002-27b
003.md	435	KR4e0146_WYG_002-28a
003.md	443	KR4e0146_WYG_002-28b
003.md	451	KR4e0146_WYG_002-29a
003.md	459	KR4e0146_WYG_002-29b
003.md	467	KR4e0146_WYG_002-30a
003.md	475	KR4e0146_WYG_002-30b
003.md	483	KR4e0146_WYG_002-31a
003.md	491	KR4e0146_WYG_002-31b
003.md	499	KR4e0146_WYG_002-32a
003.md	507	KR4e0146_WYG_002-32b
003.md	515	KR4e0146_WYG_002-33a
003.md	523	KR4e0146_WYG_002-33b
003.md	531	KR4e0146_WYG_002-34a
003.md	539	KR4e0146_WYG_002-34b
003.md	547	KR4e0146_WYG_002-35a
003.md	555	KR4e0146_WYG_002-35b
003.md	563	KR4e0146_WYG_002-36a
003.md	571	KR4e0146_WYG_002-36b
003.md	579	KR4e0146_WYG_002-37a
003.md	587	KR4e0146_WYG_002-37b
003.md	595	KR4e0146_WYG_002-38a
003.md	603	KR4e0146_WYG_002-38b
003.md	611	KR4e0146_WYG_002-39a
003.md	619	KR4e0146_WYG_002-39b
003.md	627	KR4e0146_WYG_002-40a
003.md	635	KR4e0146_WYG_002-40b
003.md	643	KR4e0146_WYG_002-41a
003.md	651	KR4e0146_WYG_002-41b
003.md	659	KR4e0146_WYG_002-42a
003.md	667	KR4e0146_WYG_002-42b
003.md	675	KR4e0146_WYG_002-43a
003.md	683	KR4e0146_WYG_002-43b
003.md	691	KR4e0146_WYG_002-44a
003.md	699	KR4e0146_WYG_002-44b
003.md	707	KR4e0146_WYG_002-45a
003.md	715	KR4e0146_WYG_002-45b
003.md	723	KR4e0146_WYG_002-46a
003.md	731	KR4e0146_WYG_002-46b
004.md	3	KR4e0146_WYG_003-1a
004.md	11	KR4e0146_WYG_003-1b
004.md	19	KR4e0146_WYG_003-2a
004.md	27	KR4e0146_WYG_003-2b
004.md	35	KR4e0146_WYG_003-3a
004.md	43	KR4e0146_WYG_003-3b
004.md	51	KR4e0146_WYG_003-4a
004.md	59	KR4e0146_WYG_003-4b
004.md	67	KR4e0146_WYG_003-5a
004.md	75	KR4e0146_WYG_003-5b
004.md	83	KR4e0146_WYG_003-6a
004.md	91	KR4e0146_WYG_003-6b
004.md	99	KR4e0146_WYG_003-7a
004.md	107	KR4e0146_WYG_003-7b
004.md	115	KR4e0146_WYG_003-8a
004.md	123	KR4e0146_WYG_003-8b
004.md	131	KR4e0146_WYG_003-9a
004.md	139	KR4e0146_WYG_003-9b
004.md	147	KR4e0146_WYG_003-10a
004.md	155	KR4e0146_WYG_003-10b
004.md	163	KR4e0146_WYG_003-11a
004.md	171	KR4e0146_WYG_003-11b
004.md	179	KR4e0146_WYG_003-12a
004.md	187	KR4e0146_WYG_003-12b
004.md	195	KR4e0146_WYG_003-13a
004.md	203	KR4e0146_WYG_003-13b
004.md	211	KR4e0146_WYG_003-14a
004.md	219	KR4e0146_WYG_003-14b
004.md	227	KR4e0146_WYG_003-15a
004.md	235	KR4e0146_WYG_003-15b
004.md	243	KR4e0146_WYG_003-16a
004.md	251	KR4e0146_WYG_003-16b
004.md	259	KR4e0146_WYG_003-17a
004.md	267	KR4e0146_WYG_003-17b
004.md	275	KR4e0146_WYG_003-18a
004.md	283	KR4e0146_WYG_003-18b
004.md	291	KR4e0146_WYG_003-19a
004.md	299	KR4e0146_WYG_003-19b
004.md	307	KR4e0146_WYG_003-20a
004.md	315	KR4e0146_WYG_003-20b
004.md	323	KR4e0146_WYG_003-21a
004.md	331	KR4e0146_WYG_003-21b
004.md	339	KR4e0146_WYG_003-22a
004.md	347	KR4e0146_WYG_003-22b
004.md	355	KR4e0146_WYG_003-23a
004.md	363	KR4e0146_WYG_003-23b
004.md	371	KR4e0146_WYG_003-24a
004.md	379	KR4e0146_WYG_003-24b
004.md	387	KR4e0146_WYG_003-25a
004.md	395	KR4e0146_WYG_003-25b
004.md	403	KR4e0146_WYG_003-26a
004.md	411	KR4e0146_WYG_003-26b
004.md	419	KR4e0146_WYG_003-27a
004.md	427	KR4e0146_WYG_003-27b
004.md	435	KR4e0146_WYG_003-28a
004.md	443	KR4e0146_WYG_003-28b
004.md	451	KR4e0146_WYG_003-29a
004.md	459	KR4e0146_WYG_003-29b
004.md	467	KR4e0146_WYG_003-30a
004.md	475	KR4e0146_WYG_003-30b
004.md	483	KR4e0146_WYG_003-31a
004.md	491	KR4e0146_WYG_003-31b
004.md	499	KR4e0146_WYG_003-32a
004.md	507	KR4e0146_WYG_003-32b
004.md	515	KR4e0146_WYG_003-33a
004.md	523	KR4e0146_WYG_003-33b
004.md	531	KR4e0146_WYG_003-34a
004.md	539	KR4e0146_WYG_003-34b
004.md	547	KR4e0146_WYG_003-35a
004.md	555	KR4e0146_WYG_003-35b
004.md	563	KR4e0146_WYG_003-36a
004.md	571	KR4e0146_WYG_003-36b
004.md	579	KR4e0146_WYG_003-37a
004.md	587	KR4e0146_WYG_003-37b
004.md	595	KR4e0146_WYG_003-38a
004.md	603	KR4e0146_WYG_003-38b
004.md	611	KR4e0146_WYG_003-39a
004.md	619	KR4e0146_WYG_003-39b
004.md	627	KR4e0146_WYG_003-40a
004.md	635	KR4e0146_WYG_003-40b
005.md	3	KR4e0146_WYG_004-1a
005.md	11	KR4e0146_WYG_004-1b
005.md	19	KR4e0146_WYG_004-2a
005.md	27	KR4e0146_WYG_004-2b
005.md	35	KR4e0146_WYG_004-3a
005.md	43	KR4e0146_WYG_004-3b
005.md	51	KR4e0146_WYG_004-4a
005.md	59	KR4e0146_WYG_004-4b
005.md	67	KR4e0146_WYG_004-5a
005.md	75	KR4e0146_WYG_004-5b
005.md	83	KR4e0146_WYG_004-6a
005.md	91	KR4e0146_WYG_004-6b
005.md	99	KR4e0146_WYG_004-7a
005.md	107	KR4e0146_WYG_004-7b
005.md	115	KR4e0146_WYG_004-8a
005.md	123	KR4e0146_WYG_004-8b
005.md	131	KR4e0146_WYG_004-9a
005.md	139	KR4e0146_WYG_004-9b
005.md	147	KR4e0146_WYG_004-10a
005.md	155	KR4e0146_WYG_004-10b
005.md	163	KR4e0146_WYG_004-11a
005.md	171	KR4e0146_WYG_004-11b
005.md	179	KR4e0146_WYG_004-12a
005.md	187	KR4e0146_WYG_004-12b
005.md	195	KR4e0146_WYG_004-13a
005.md	203	KR4e0146_WYG_004-13b
005.md	211	KR4e0146_WYG_004-14a
005.md	219	KR4e0146_WYG_004-14b
005.md	227	KR4e0146_WYG_004-15a
005.md	235	KR4e0146_WYG_004-15b
005.md	243	KR4e0146_WYG_004-16a
005.md	251	KR4e0146_WYG_004-16b
005.md	259	KR4e0146_WYG_004-17a
005.md	267	KR4e0146_WYG_004-17b
005.md	275	KR4e0146_WYG_004-18a
005.md	283	KR4e0146_WYG_004-18b
005.md	291	KR4e0146_WYG_004-19a
005.md	299	KR4e0146_WYG_004-19b
005.md	307	KR4e0146_WYG_004-20a
005.md	315	KR4e0146_WYG_004-20b
005.md	323	KR4e0146_WYG_004-21a
005.md	331	KR4e0146_WYG_004-21b
005.md	339	KR4e0146_WYG_004-22a
005.md	347	KR4e0146_WYG_004-22b
005.md	355	KR4e0146_WYG_004-23a
005.md	363	KR4e0146_WYG_004-23b
005.md	371	KR4e0146_WYG_004-24a
005.md	379	KR4e0146_WYG_004-24b
005.md	387	KR4e0146_WYG_004-25a
005.md	395	KR4e0146_WYG_004-25b
005.md	403	KR4e0146_WYG_004-26a
005.md	411	KR4e0146_WYG_004-26b
005.md	419	KR4e0146_WYG_004-27a
005.md	427	KR4e0146_WYG_004-27b
006.md	3	KR4e0146_WYG_005-1a
006.md	11	KR4e0146_WYG_005-1b
006.md	19	KR4e0146_WYG_005-2a
006.md	27	KR4e0146_WYG_005-2b
006.md	35	KR4e0146_WYG_005-3a
006.md	43	KR4e0146_WYG_005-3b
006.md	51	KR4e0146_WYG_005-4a
006.md	59	KR4e0146_WYG_005-4b
006.md	67	KR4e0146_WYG_005-5a
006.md	75	KR4e0146_WYG_005-5b
006.md	83	KR4e0146_WYG_005-6a
006.md	91	KR4e0146_WYG_005-6b
006.md	99	KR4e0146_WYG_005-7a
006.md	107	KR4e0146_WYG_005-7b
006.md	115	KR4e0146_WYG_005-8a
006.md	123	KR4e0146_WYG_005-8b
006.md	131	KR4e0146_WYG_005-9a
006.md	139	KR4e0146_WYG_005-9b
006.md	147	KR4e0146_WYG_005-10a
006.md	155	KR4e0146_WYG_005-10b
006.md	163	KR4e0146_WYG_005-11a
006.md	171	KR4e0146_WYG_005-11b
006.md	179	KR4e0146_WYG_005-12a
006.md	187	KR4e0146_WYG_005-12b
006.md	195	KR4e0146_WYG_005-13a
006.md	203	KR4e0146_WYG_005-13b
006.md	211	KR4e0146_WYG_005-14a
006.md	219	KR4e0146_WYG_005-14b
006.md	227	KR4e0146_WYG_005-15a
006.md	235	KR4e0146_WYG_005-15b
006.md	243	KR4e0146_WYG_005-16a
006.md	251	KR4e0146_WYG_005-16b
006.md	259	KR4e0146_WYG_005-17a
006.md	267	KR4e0146_WYG_005-17b
006.md	275	KR4e0146_WYG_005-18a
006.md	283	KR4e0146_WYG_005-18b
006.md	291	KR4e0146_WYG_005-19a
006.md	299	KR4e0146_WYG_005-19b
006.md	307	KR4e0146_WYG_005-20a
006.md	315	KR4e0146_WYG_005-20b
006.md	323	KR4e0146_WYG_005-21a
006.md	331	KR4e0146_WYG_005-21b
006.md	339	KR4e0146_WYG_005-22a
006.md	347	KR4e0146_WYG_005-22b
006.md	355	KR4e0146_WYG_005-23a
006.md	363	KR4e0146_WYG_005-23b
006.md	371	KR4e0146_WYG_005-24a
006.md	379	KR4e0146_WYG_005-24b
006.md	387	KR4e0146_WYG_005-25a
006.md	395	KR4e0146_WYG_005-25b
006.md	403	KR4e0146_WYG_005-26a
006.md	411	KR4e0146_WYG_005-26b
006.md	419	KR4e0146_WYG_005-27a
006.md	427	KR4e0146_WYG_005-27b
006.md	435	KR4e0146_WYG_005-28a
006.md	443	KR4e0146_WYG_005-28b
006.md	451	KR4e0146_WYG_005-29a
006.md	459	KR4e0146_WYG_005-29b
006.md	467	KR4e0146_WYG_005-30a
006.md	475	KR4e0146_WYG_005-30b
006.md	483	KR4e0146_WYG_005-31a
006.md	491	KR4e0146_WYG_005-31b
006.md	499	KR4e0146_WYG_005-32a
006.md	507	KR4e0146_WYG_005-32b
006.md	515	KR4e0146_WYG_005-33a
006.md	523	KR4e0146_WYG_005-33b
006.md	531	KR4e0146_WYG_005-34a
006.md	539	KR4e0146_WYG_005-34b
006.md	547	KR4e0146_WYG_005-35a
006.md	555	KR4e0146_WYG_005-35b
006.md	563	KR4e0146_WYG_005-36a
006.md	571	KR4e0146_WYG_005-36b
006.md	579	KR4e0146_WYG_005-37a
006.md	587	KR4e0146_WYG_005-37b
006.md	595	KR4e0146_WYG_005-38a
006.md	603	KR4e0146_WYG_005-38b
006.md	611	KR4e0146_WYG_005-39a
006.md	619	KR4e0146_WYG_005-39b
006.md	627	KR4e0146_WYG_005-40a
006.md	635	KR4e0146_WYG_005-40b
006.md	643	KR4e0146_WYG_005-41a
006.md	651	KR4e0146_WYG_005-41b
006.md	659	KR4e0146_WYG_005-42a
006.md	667	KR4e0146_WYG_005-42b
006.md	675	KR4e0146_WYG_005-43a
006.md	683	KR4e0146_WYG_005-43b
006.md	691	KR4e0146_WYG_005-44a
006.md	699	KR4e0146_WYG_005-44b
006.md	707	KR4e0146_WYG_005-45a
006.md	715	KR4e0146_WYG_005-45b
006.md	723	KR4e0146_WYG_005-46a
006.md	731	KR4e0146_WYG_005-46b
006.md	739	KR4e0146_WYG_005-47a
006.md	747	KR4e0146_WYG_005-47b
006.md	755	KR4e0146_WYG_005-48a
006.md	763	KR4e0146_WYG_005-48b
006.md	771	KR4e0146_WYG_005-49a
006.md	779	KR4e0146_WYG_005-49b
006.md	787	KR4e0146_WYG_005-50a
006.md	795	KR4e0146_WYG_005-50b
006.md	803	KR4e0146_WYG_005-51a
006.md	811	KR4e0146_WYG_005-51b
006.md	819	KR4e0146_WYG_005-52a
006.md	827	KR4e0146_WYG_005-52b
006.md	835	KR4e0146_WYG_005-53a
006.md	843	KR4e0146_WYG_005-53b
006.md	851	KR4e0146_WYG_005-54a
006.md	859	KR4e0146_WYG_005-54b
006.md	867	KR4e0146_WYG_005-55a
006.md	875	KR4e0146_WYG_005-55b
006.md	883	KR4e0146_WYG_005-56a
006.md	891	KR4e0146_WYG_005-56b
006.md	899	KR4e0146_WYG_005-57a
006.md	907	KR4e0146_WYG_005-57b
006.md	915	KR4e0146_WYG_005-58a
006.md	923	KR4e0146_WYG_005-58b
006.md	931	KR4e0146_WYG_005-59a
006.md	939	KR4e0146_WYG_005-59b
006.md	947	KR4e0146_WYG_005-60a
006.md	955	KR4e0146_WYG_005-60b
006.md	963	KR4e0146_WYG_005-61a
006.md	971	KR4e0146_WYG_005-61b
006.md	979	KR4e0146_WYG_005-62a
006.md	987	KR4e0146_WYG_005-62b
006.md	995	KR4e0146_WYG_005-63a
006.md	1003	KR4e0146_WYG_005-63b
006.md	1011	KR4e0146_WYG_005-64a
006.md	1019	KR4e0146_WYG_005-64b
006.md	1027	KR4e0146_WYG_005-65a
006.md	1035	KR4e0146_WYG_005-65b
006.md	1043	KR4e0146_WYG_005-66a
006.md	1051	KR4e0146_WYG_005-66b
006.md	1059	KR4e0146_WYG_005-67a
006.md	1067	KR4e0146_WYG_005-67b
006.md	1075	KR4e0146_WYG_005-68a
006.md	1083	KR4e0146_WYG_005-68b
007.md	3	KR4e0146_WYG_006-1a
007.md	11	KR4e0146_WYG_006-1b
007.md	19	KR4e0146_WYG_006-2a
007.md	27	KR4e0146_WYG_006-2b
007.md	35	KR4e0146_WYG_006-3a
007.md	43	KR4e0146_WYG_006-3b
007.md	51	KR4e0146_WYG_006-4a
007.md	59	KR4e0146_WYG_006-4b
007.md	67	KR4e0146_WYG_006-5a
007.md	75	KR4e0146_WYG_006-5b
007.md	83	KR4e0146_WYG_006-6a
007.md	91	KR4e0146_WYG_006-6b
007.md	99	KR4e0146_WYG_006-7a
007.md	107	KR4e0146_WYG_006-7b
007.md	115	KR4e0146_WYG_006-8a
007.md	123	KR4e0146_WYG_006-8b
007.md	131	KR4e0146_WYG_006-9a
007.md	139	KR4e0146_WYG_006-9b
008.md	3	KR4e0146_WYG_007-1a
008.md	11	KR4e0146_WYG_007-1b
008.md	19	KR4e0146_WYG_007-2a
008.md	27	KR4e0146_WYG_007-2b
008.md	35	KR4e0146_WYG_007-3a
008.md	43	KR4e0146_WYG_007-3b
008.md	51	KR4e0146_WYG_007-4a
008.md	59	KR4e0146_WYG_007-4b
008.md	67	KR4e0146_WYG_007-5a
008.md	75	KR4e0146_WYG_007-5b
008.md	83	KR4e0146_WYG_007-6a
008.md	91	KR4e0146_WYG_007-6b
008.md	99	KR4e0146_WYG_007-7a
008.md	107	KR4e0146_WYG_007-7b
008.md	115	KR4e0146_WYG_007-8a
008.md	123	KR4e0146_WYG_007-8b
008.md	131	KR4e0146_WYG_007-9a
008.md	139	KR4e0146_WYG_007-9b
008.md	147	KR4e0146_WYG_007-10a
008.md	155	KR4e0146_WYG_007-10b
008.md	163	KR4e0146_WYG_007-11a
008.md	171	KR4e0146_WYG_007-11b
008.md	179	KR4e0146_WYG_007-12a
008.md	187	KR4e0146_WYG_007-12b
008.md	195	KR4e0146_WYG_007-13a
008.md	203	KR4e0146_WYG_007-13b
008.md	211	KR4e0146_WYG_007-14a
008.md	219	KR4e0146_WYG_007-14b
008.md	227	KR4e0146_WYG_007-15a
008.md	235	KR4e0146_WYG_007-15b
008.md	243	KR4e0146_WYG_007-16a
008.md	251	KR4e0146_WYG_007-16b
008.md	259	KR4e0146_WYG_007-17a
008.md	267	KR4e0146_WYG_007-17b
008.md	275	KR4e0146_WYG_007-18a
008.md	283	KR4e0146_WYG_007-18b
008.md	291	KR4e0146_WYG_007-19a
008.md	299	KR4e0146_WYG_007-19b
008.md	307	KR4e0146_WYG_007-20a
008.md	315	KR4e0146_WYG_007-20b
008.md	323	KR4e0146_WYG_007-21a
008.md	331	KR4e0146_WYG_007-21b
008.md	339	KR4e0146_WYG_007-22a
008.md	347	KR4e0146_WYG_007-22b
008.md	355	KR4e0146_WYG_007-23a
008.md	363	KR4e0146_WYG_007-23b
008.md	371	KR4e0146_WYG_007-24a
008.md	379	KR4e0146_WYG_007-24b
008.md	387	KR4e0146_WYG_007-25a
008.md	395	KR4e0146_WYG_007-25b
008.md	403	KR4e0146_WYG_007-26a
008.md	411	KR4e0146_WYG_007-26b
008.md	419	KR4e0146_WYG_007-27a
008.md	427	KR4e0146_WYG_007-27b
008.md	435	KR4e0146_WYG_007-28a
008.md	443	KR4e0146_WYG_007-28b
008.md	451	KR4e0146_WYG_007-29a
008.md	459	KR4e0146_WYG_007-29b
008.md	467	KR4e0146_WYG_007-30a
008.md	475	KR4e0146_WYG_007-30b
008.md	483	KR4e0146_WYG_007-31a
008.md	491	KR4e0146_WYG_007-31b
008.md	499	KR4e0146_WYG_007-32a
008.md	507	KR4e0146_WYG_007-32b
008.md	515	KR4e0146_WYG_007-33a
008.md	523	KR4e0146_WYG_007-33b
008.md	531	KR4e0146_WYG_007-34a
008.md	539	KR4e0146_WYG_007-34b
008.md	547	KR4e0146_WYG_007-35a
008.md	555	KR4e0146_WYG_007-35b
008.md	563	KR4e0146_WYG_007-36a
008.md	571	KR4e0146_WYG_007-36b
008.md	579	KR4e0146_WYG_007-37a
008.md	587	KR4e0146_WYG_007-37b
008.md	595	KR4e0146_WYG_007-38a
008.md	603	KR4e0146_WYG_007-38b
008.md	611	KR4e0146_WYG_007-39a
008.md	619	KR4e0146_WYG_007-39b
008.md	627	KR4e0146_WYG_007-40a
008.md	635	KR4e0146_WYG_007-40b
008.md	643	KR4e0146_WYG_007-41a
008.md	651	KR4e0146_WYG_007-41b
008.md	659	KR4e0146_WYG_007-42a
008.md	667	KR4e0146_WYG_007-42b
008.md	675	KR4e0146_WYG_007-43a
008.md	683	KR4e0146_WYG_007-43b
008.md	691	KR4e0146_WYG_007-44a
008.md	699	KR4e0146_WYG_007-44b
008.md	707	KR4e0146_WYG_007-45a
008.md	715	KR4e0146_WYG_007-45b
008.md	723	KR4e0146_WYG_007-46a
008.md	731	KR4e0146_WYG_007-46b
008.md	739	KR4e0146_WYG_007-47a
008.md	747	KR4e0146_WYG_007-47b
008.md	755	KR4e0146_WYG_007-48a
008.md	763	KR4e0146_WYG_007-48b
008.md	771	KR4e0146_WYG_007-49a
008.md	779	KR4e0146_WYG_007-49b
008.md	787	KR4e0146_WYG_007-50a
008.md	795	KR4e0146_WYG_007-50b
008.md	803	KR4e0146_WYG_007-51a
008.md	811	KR4e0146_WYG_007-51b
009.md	3	KR4e0146_WYG_008-1a
009.md	11	KR4e0146_WYG_008-1b
009.md	19	KR4e0146_WYG_008-2a
009.md	27	KR4e0146_WYG_008-2b
009.md	35	KR4e0146_WYG_008-3a
009.md	43	KR4e0146_WYG_008-3b
009.md	51	KR4e0146_WYG_008-4a
009.md	59	KR4e0146_WYG_008-4b
009.md	67	KR4e0146_WYG_008-5a
009.md	75	KR4e0146_WYG_008-5b
009.md	83	KR4e0146_WYG_008-6a
009.md	91	KR4e0146_WYG_008-6b
009.md	99	KR4e0146_WYG_008-7a
009.md	107	KR4e0146_WYG_008-7b
009.md	115	KR4e0146_WYG_008-8a
009.md	123	KR4e0146_WYG_008-8b
009.md	131	KR4e0146_WYG_008-9a
009.md	139	KR4e0146_WYG_008-9b
009.md	147	KR4e0146_WYG_008-10a
009.md	155	KR4e0146_WYG_008-10b
009.md	163	KR4e0146_WYG_008-11a
009.md	171	KR4e0146_WYG_008-11b
009.md	179	KR4e0146_WYG_008-12a
009.md	187	KR4e0146_WYG_008-12b
009.md	195	KR4e0146_WYG_008-13a
009.md	203	KR4e0146_WYG_008-13b
009.md	211	KR4e0146_WYG_008-14a
009.md	219	KR4e0146_WYG_008-14b
009.md	227	KR4e0146_WYG_008-15a
009.md	235	KR4e0146_WYG_008-15b
009.md	243	KR4e0146_WYG_008-16a
009.md	251	KR4e0146_WYG_008-16b
009.md	259	KR4e0146_WYG_008-17a
009.md	267	KR4e0146_WYG_008-17b
010.md	3	KR4e0146_WYG_009-1a
010.md	11	KR4e0146_WYG_009-1b
010.md	19	KR4e0146_WYG_009-2a
010.md	27	KR4e0146_WYG_009-2b
010.md	35	KR4e0146_WYG_009-3a
010.md	43	KR4e0146_WYG_009-3b
010.md	51	KR4e0146_WYG_009-4a
010.md	59	KR4e0146_WYG_009-4b
010.md	67	KR4e0146_WYG_009-5a
010.md	75	KR4e0146_WYG_009-5b
010.md	83	KR4e0146_WYG_009-6a
010.md	91	KR4e0146_WYG_009-6b
010.md	99	KR4e0146_WYG_009-7a
010.md	107	KR4e0146_WYG_009-7b
010.md	115	KR4e0146_WYG_009-8a
010.md	123	KR4e0146_WYG_009-8b
010.md	126	KR4e0146_WYG_009-9a
010.md	127	KR4e0146_WYG_009-10a
010.md	135	KR4e0146_WYG_009-10b
010.md	143	KR4e0146_WYG_009-11a
010.md	151	KR4e0146_WYG_009-11b
010.md	159	KR4e0146_WYG_009-12a
010.md	167	KR4e0146_WYG_009-12b
010.md	175	KR4e0146_WYG_009-13a
010.md	183	KR4e0146_WYG_009-13b
010.md	191	KR4e0146_WYG_009-14a
010.md	199	KR4e0146_WYG_009-14b
010.md	207	KR4e0146_WYG_009-15a
010.md	215	KR4e0146_WYG_009-15b
010.md	223	KR4e0146_WYG_009-16a
010.md	231	KR4e0146_WYG_009-16b
010.md	239	KR4e0146_WYG_009-17a
010.md	247	KR4e0146_WYG_009-17b
010.md	255	KR4e0146_WYG_009-18a
010.md	263	KR4e0146_WYG_009-18b
010.md	271	KR4e0146_WYG_009-19a
010.md	279	KR4e0146_WYG_009-19b
010.md	287	KR4e0146_WYG_009-20a
010.md	295	KR4e0146_WYG_009-20b
010.md	303	KR4e0146_WYG_009-21a
010.md	311	KR4e0146_WYG_009-21b
010.md	319	KR4e0146_WYG_009-22a
010.md	327	KR4e0146_WYG_009-22b
010.md	335	KR4e0146_WYG_009-23a
010.md	343	KR4e0146_WYG_009-23b
010.md	351	KR4e0146_WYG_009-24a
010.md	359	KR4e0146_WYG_009-24b
010.md	367	KR4e0146_WYG_009-25a
010.md	375	KR4e0146_WYG_009-25b
010.md	383	KR4e0146_WYG_009-26a
010.md	391	KR4e0146_WYG_009-26b
010.md	399	KR4e0146_WYG_009-27a
010.md	407	KR4e0146_WYG_009-27b
010.md	415	KR4e0146_WYG_009-28a
010.md	423	KR4e0146_WYG_009-28b
010.md	431	KR4e0146_WYG_009-29a
010.md	439	KR4e0146_WYG_009-29b
010.md	447	KR4e0146_WYG_009-30a
010.md	455	KR4e0146_WYG_009-30b
010.md	463	KR4e0146_WYG_009-31a
010.md	471	KR4e0146_WYG_009-31b
010.md	479	KR4e0146_WYG_009-32a
010.md	487	KR4e0146_WYG_009-32b
010.md	495	KR4e0146_WYG_009-33a
010.md	503	KR4e0146_WYG_009-33b
010.md	511	KR4e0146_WYG_009-34a
010.md	519	KR4e0146_WYG_009-34b
010.md	527	KR4e0146_WYG_009-35a
010.md	535	KR4e0146_WYG_009-35b
010.md	543	KR4e0146_WYG_009-36a
010.md	551	KR4e0146_WYG_009-36b
010.md	559	KR4e0146_WYG_009-37a
010.md	567	KR4e0146_WYG_009-37b
010.md	575	KR4e0146_WYG_009-38a
010.md	583	KR4e0146_WYG_009-38b
010.md	591	KR4e0146_WYG_009-39a
010.md	599	KR4e0146_WYG_009-39b
010.md	607	KR4e0146_WYG_009-40a
010.md	615	KR4e0146_WYG_009-40b
010.md	623	KR4e0146_WYG_009-41a
010.md	631	KR4e0146_WYG_009-41b
011.md	3	KR4e0146_WYG_010-1a
011.md	11	KR4e0146_WYG_010-1b
011.md	19	KR4e0146_WYG_010-2a
011.md	27	KR4e0146_WYG_010-2b
011.md	35	KR4e0146_WYG_010-3a
011.md	43	KR4e0146_WYG_010-3b
011.md	51	KR4e0146_WYG_010-4a
011.md	59	KR4e0146_WYG_010-4b
011.md	67	KR4e0146_WYG_010-5a
011.md	75	KR4e0146_WYG_010-5b
011.md	83	KR4e0146_WYG_010-6a
011.md	91	KR4e0146_WYG_010-6b
011.md	99	KR4e0146_WYG_010-7a
011.md	107	KR4e0146_WYG_010-7b
011.md	115	KR4e0146_WYG_010-8a
011.md	123	KR4e0146_WYG_010-8b
011.md	131	KR4e0146_WYG_010-9a
011.md	139	KR4e0146_WYG_010-9b
011.md	147	KR4e0146_WYG_010-10a
011.md	155	KR4e0146_WYG_010-10b
011.md	163	KR4e0146_WYG_010-11a
011.md	171	KR4e0146_WYG_010-11b
011.md	179	KR4e0146_WYG_010-12a
011.md	187	KR4e0146_WYG_010-12b
011.md	195	KR4e0146_WYG_010-13a
011.md	203	KR4e0146_WYG_010-13b
011.md	211	KR4e0146_WYG_010-14a
011.md	219	KR4e0146_WYG_010-14b
011.md	227	KR4e0146_WYG_010-15a
011.md	235	KR4e0146_WYG_010-15b
011.md	243	KR4e0146_WYG_010-16a
011.md	251	KR4e0146_WYG_010-16b
011.md	259	KR4e0146_WYG_010-17a
011.md	267	KR4e0146_WYG_010-17b
011.md	275	KR4e0146_WYG_010-18a
011.md	283	KR4e0146_WYG_010-18b
011.md	291	KR4e0146_WYG_010-19a
011.md	299	KR4e0146_WYG_010-19b
011.md	307	KR4e0146_WYG_010-20a
011.md	315	KR4e0146_WYG_010-20b
011.md	323	KR4e0146_WYG_010-21a
011.md	331	KR4e0146_WYG_010-21b
011.md	339	KR4e0146_WYG_010-22a
011.md	347	KR4e0146_WYG_010-22b
011.md	355	KR4e0146_WYG_010-23a
011.md	363	KR4e0146_WYG_010-23b
011.md	371	KR4e0146_WYG_010-24a
011.md	379	KR4e0146_WYG_010-24b
011.md	387	KR4e0146_WYG_010-25a
011.md	395	KR4e0146_WYG_010-25b
011.md	403	KR4e0146_WYG_010-26a
011.md	411	KR4e0146_WYG_010-26b
011.md	419	KR4e0146_WYG_010-27a
011.md	427	KR4e0146_WYG_010-27b
011.md	435	KR4e0146_WYG_010-28a
011.md	443	KR4e0146_WYG_010-28b
011.md	451	KR4e0146_WYG_010-29a
011.md	459	KR4e0146_WYG_010-29b
011.md	467	KR4e0146_WYG_010-30a
011.md	475	KR4e0146_WYG_010-30b
011.md	483	KR4e0146_WYG_010-31a
011.md	491	KR4e0146_WYG_010-31b
011.md	499	KR4e0146_WYG_010-32a
011.md	507	KR4e0146_WYG_010-32b
011.md	515	KR4e0146_WYG_010-33a
011.md	523	KR4e0146_WYG_010-33b
011.md	531	KR4e0146_WYG_010-34a
011.md	539	KR4e0146_WYG_010-34b
011.md	547	KR4e0146_WYG_010-35a
011.md	555	KR4e0146_WYG_010-35b
